<?xml version="1.0" encoding="UTF-8"?>
<simulator>
<!--- S：过车开始命令。内容：1反向过车 0正向过车 -->
<tag cmd=S>0</tag>
<!-- T:来车时间命令，暂时在程序中使用系统时间-->
<tag cmd=T>20140819162755</tag>
<!-- O:延迟命令（字母O，非零）， 500：500毫秒-->
<tag cmd=O>500</tag>

<!-- D:车速命令， 500：500毫秒-->
<tag cmd=D>1430</tag>
<!-- J:车速命令，有该tag为机车-->
<tag cmd=J></tag>
<!-- N:车号命令，车号：标准20位（包括空格）--> 
<tag cmd=N>J10406430303AH45594 </tag>
<!-- C:车顺位命令，001：顺位号-->
<tag cmd=C>001</tag>
<tag cmd=O>3000</tag>

<tag cmd=D>1340</tag>
<tag cmd=N>KC62A* 453567612D860</tag>
<tag cmd=C>002</tag>
<tag cmd=O>1000</tag>

<tag cmd=D>1340</tag>
<tag cmd=N>KC62A* 453567612D860</tag>
<tag cmd=C>003</tag>
<tag cmd=O>1000</tag>

<tag cmd=D>1340</tag>
<tag cmd=N>KC62A* 453567612D860</tag>
<tag cmd=C>004</tag>
<tag cmd=O>1000</tag>

<tag cmd=D>1340</tag>
<tag cmd=N>KC62A* 453567612D860</tag>
<tag cmd=C>005</tag>
<tag cmd=O>1000</tag>

<tag cmd=D>1340</tag>
<tag cmd=N>KC62A* 453567612D860</tag>
<tag cmd=C>006</tag>
<tag cmd=O>1000</tag>

<tag cmd=D>1340</tag>
<tag cmd=N>KC62A* 453567612D860</tag>
<tag cmd=C>007</tag>
<tag cmd=O>1000</tag>

<tag cmd=D>1340</tag>
<tag cmd=N>KC62A* 453567612D860</tag>
<tag cmd=C>008</tag>
<tag cmd=O>1000</tag>

<tag cmd=D>1340</tag>
<tag cmd=N>KC62A* 453567612D860</tag>
<tag cmd=C>009</tag>
<tag cmd=O>1000</tag>

<tag cmd=D>1340</tag>
<tag cmd=N>KC62A* 453567612D860</tag>
<tag cmd=C>010</tag>
<tag cmd=O>1000</tag>

<!-- s:过车结束命令-->
<tag cmd=O>1000</tag>
<tag cmd=O>1000</tag>
<tag cmd=O>1000</tag>
<tag cmd=s></tag>
<tag cmd=O>1000</tag>

<!-- F:握手命令-->
<tag cmd=F></tag>
<tag cmd=O>1000</tag>
<tag cmd=F></tag>
<tag cmd=O>1000</tag>
<tag cmd=F></tag>
<tag cmd=O>1000</tag>
<tag cmd=F></tag>
<tag cmd=O>1000</tag>
<tag cmd=F></tag>
<tag cmd=O>1000</tag>
<tag cmd=F></tag>
<tag cmd=O>1000</tag>
<tag cmd=F></tag>
<tag cmd=O>1000</tag>
<tag cmd=F></tag>
<tag cmd=O>1000</tag>
<tag cmd=F></tag>
<tag cmd=O>1000</tag>
<tag cmd=F></tag>
<tag cmd=O>1000</tag>
</simulator>