﻿<?xml version="1.0" encoding="UTF-8"?>
<warningLevel version="1.0">
	<delay>
	       <!--对每节车厢的XML生成时间最多延后于该数据文件生成5秒，即该数据文件自被调用算法读入时刻起，5秒内必须输出XML文件-->
		   <max_delay>5</max_delay>
	</delay>
	
	<!-- 对于图像识别类的预警规则-->
	<rules type="IMAGE">
			<!-- 对于车门开启类的预警-->
			<category name="DR_1">
				<!--任何车门开启类的预警，均视为1级预警-->
				<default_warning level="1" />
				<if_ignore>
					<!--忽略报警条件（即误报条件）：连续3节车厢的车门均开启，则视为误报，否则视为真实的预警；应考虑无连续车厢时（如头车、尾车和丢车情况），故引入最大延迟来解决-->
					<item type="carriage" value="3" />
				</if_ignore>
			</category>
		
			<!-- 对于车窗开启的预警-->
			<category name="WIN_1">
				<!--任何车窗开启的预警，均视为3级预警-->
				<default_warning level="3" />
			</category>
			
			<!-- 对于异物类的预警-->
			<category name="OBJ_1">
				<warning level="1">
				   <!--满足1级的异物预警，要求异物位置高出车厢顶部或低于车厢底部-->
				   <item type="area" value="符合1级预警等级的最小面积" />
				</warning>
				<warning level="2">
				   <!--满足1级的异物预警，要求异物位置高出车厢顶部或低于车厢底部-->
				   <item type="area" value="符合2级预警等级的最小面积" />
				</warning>
			 	<!--不满足1、2级的异物预警条件，均视为4级预警-->
			    <default_warning level="4" />
			</category>
		
		<!-- 对于注水口未关闭类的预警-->
			<category name="WATERINTAKE_1">
				<!--任何注水口未关闭类的预警，均视为2级预警-->
				<default_warning level="1" />
			</category>
			
		<!-- 对于尾管未吊起类的预警-->
			<category name="PIPE_1">
				<!--任何尾管未吊起类的预警，均视为1级预警-->
				<default_warning level="1" />
			</category>
	
		<!-- 对于闸链拉紧类的预警-->
			<category name="CHAIN_1">
				<!--任何闸链未吊起类的预警，均视为2级预警-->
				<default_warning level="2" />
			</category>
	</rules>
	
	
	<!-- 对于图像识别类的预警规则-->
	<rules type="VIDEO">
			<!-- 对于烟雾类的预警-->
			<category name="SMOKE_1">
				<!--任何烟雾类的预警，均视为1级预警-->
				<default_warning level="4" />
				<if_ignore>
					<!--忽略报警条件（即误报条件）：连续3节车厢均出现烟雾，则视为误报，否则视为真实的预警；应考虑无连续车厢时（如头车、尾车和丢车情况），故引入最大延迟来解决-->
					<item type="carriage" value="3" />
				</if_ignore>
			</category>
			
			<!-- 对于洒落的预警-->
			<category name="SPILLOBJ_1">
				<!--任何洒落的预警，均视为1级预警-->
				<default_warning level="4" />
				<if_ignore>
					<!--忽略报警条件（即误报条件）：连续3节车厢均出现洒落，则视为误报，否则视为真实的预警；应考虑无连续车厢时（如头车、尾车和丢车情况），故引入最大延迟来解决-->
					<item type="carriage" value="3" />
				</if_ignore>
			</category>	
	
	<!-- 对于尾灯类的预警-->
			<category name="TAILLIGHT">
	<!--任何尾灯类的预警，均视为1级预警-->
				<default_warning level="4" />
			</category>
			
	<!-- 对于列尾装置的预警-->
			<category name="TRAILTAIL">
	<!--任何列尾装置的预警，均视为1级预警-->
				<default_warning level="1" />
			</category>	
	</rules>
	
	<!-- 对于车轮识别类的预警规则-->
	<rules type="WHEEL">
			<!-- 对于热轮的预警-->
			<category name="HOTWHEEL">
				<!--任何热轮的预警，均视为1级预警-->
				<default_warning level="1" />
			</category>	
	</rules>
	
	
	<!-- 对于声音识别类的预警规则-->
	<rules type="SOUND">
			<!-- 对于异音的预警-->
			<category name="EXTRAORDINARYSOUND">
				<!--任何异音的预警，均视为1级预警-->
				<default_warning level="4" />
				<!-- 特别提醒，8月20日前只增加异音的默认1级预警问题，不会考虑连续3辆车视为误报的情况 -->
				<if_ignore>
					<!--忽略报警条件（即误报条件）：连续3节车厢均出现异音，则视为误报，否则视为真实的预警；应考虑无连续车厢时（如头车、尾车和丢车情况），故引入最大延迟来解决-->
					<item type="carriage" value="3" />
				</if_ignore>
			</category>	
	</rules>
</warningLevel>