<?xml version="1.0" encoding="gb2312"?>


<Detect_Param>
  <global>
    <ratio>0.5</ratio>
    <level>0</level>
    <deeplearning_flag>1</deeplearning_flag>
    <deeplearning_wait_time>5000</deeplearning_wait_time>
    <jcc_flag id="jcc_flag">0</jcc_flag>
    <quality_flag>0</quality_flag>
	<log_flag>1</log_flag>
</global>
  <check_level level="0" >
    <c_door_width_low>250</c_door_width_low>
    <c_door_distance_to_center>500</c_door_distance_to_center>
    <p_door_width_low>60</p_door_width_low>
    <p_door_distance_to_center>800</p_door_distance_to_center>

    <c_win_width_low>450</c_win_width_low>
    <c_win_height_low>300</c_win_height_low>
    <p_win_width_low>250</p_win_width_low>
    <p_win_height_low>0.4</p_win_height_low>
    <p_win_match_rate>0.55</p_win_match_rate>

    <obj_top_area>50</obj_top_area>
    <obj_top_height_low>100</obj_top_height_low>
    <obj_top_width_low>150</obj_top_width_low>
    <obj_top_len_to_train>100</obj_top_len_to_train>
    <obj_top_width_high>0.5</obj_top_width_high>
    <obj_top_area_ratio>0.8</obj_top_area_ratio>
    <obj_top_wh_ratio_low>0.25</obj_top_wh_ratio_low>
    <obj_top_wh_ratio_high>6</obj_top_wh_ratio_high>

    <obj_body_area>3000</obj_body_area>
    <obj_body_width_low>100</obj_body_width_low>
    <obj_body_height_low>100</obj_body_height_low>
    <obj_body_x_pos>500</obj_body_x_pos>

    <obj_btm_width_low>100</obj_btm_width_low>
    <obj_btm_width_high>0.3</obj_btm_width_high>
    <obj_btm_height_low>150</obj_btm_height_low>
    <obj_btm_enlarge_height>150</obj_btm_enlarge_height>
    <obj_btm_len_to_train>100</obj_btm_len_to_train>
    <obj_btm_area_ratio>0.8</obj_btm_area_ratio>
    <obj_btm_wh_ratio_high>2</obj_btm_wh_ratio_high>

    <pipe_y_dis>120</pipe_y_dis>
    <pipe_width>300</pipe_width>
    <pipe_height>200</pipe_height>
    <pipe_area>20</pipe_area>
    <pipe_width_low>5</pipe_width_low>
    <pipe_diameter_low>10</pipe_diameter_low>
    <pipe_diameter_high>200</pipe_diameter_high>

    <crh_waterintake_match>0.85</crh_waterintake_match>
  </check_level>
  <check_level level="1" >
    <c_door_width_low>200</c_door_width_low>
    <c_door_distance_to_center>500</c_door_distance_to_center>
    <p_door_width_low>60</p_door_width_low>
    <p_door_distance_to_center>800</p_door_distance_to_center>
    
    <c_win_width_low>400</c_win_width_low>
    <c_win_height_low>150</c_win_height_low>
    <p_win_width_low>200</p_win_width_low>
    <p_win_height_low>0.3</p_win_height_low>
    <p_win_match_rate>0.4</p_win_match_rate>

    
    <obj_top_area>50</obj_top_area>
    <obj_top_height_low>10</obj_top_height_low>
    <obj_top_width_low>150</obj_top_width_low>
    <obj_top_len_to_train>200</obj_top_len_to_train>
    <obj_top_width_high>0.8</obj_top_width_high>
    <obj_top_area_ratio>0.9</obj_top_area_ratio>
    <obj_top_wh_ratio_low>0.2</obj_top_wh_ratio_low>
    <obj_top_wh_ratio_high>10</obj_top_wh_ratio_high>
    
    <obj_body_area>3000</obj_body_area>
    <obj_body_width_low>100</obj_body_width_low>
    <obj_body_height_low>100</obj_body_height_low>
    <obj_body_x_pos>500</obj_body_x_pos>
    
    <obj_btm_width_low>30</obj_btm_width_low>
    <obj_btm_width_high>0.6</obj_btm_width_high>
    <obj_btm_height_low>80</obj_btm_height_low>
    <obj_btm_enlarge_height>250</obj_btm_enlarge_height>
    <obj_btm_len_to_train>0</obj_btm_len_to_train>
    <obj_btm_area_ratio>2000</obj_btm_area_ratio>
    <obj_btm_wh_ratio_high>6</obj_btm_wh_ratio_high>
    
    <pipe_y_dis>5</pipe_y_dis>
    <pipe_width>300</pipe_width>
    <pipe_height>200</pipe_height>
    <pipe_area>200</pipe_area>
    <pipe_width_low>25</pipe_width_low>
    <pipe_diameter_low>20</pipe_diameter_low>
    <pipe_diameter_high>60</pipe_diameter_high>

    <crh_waterintake_match>0.85</crh_waterintake_match>
</check_level>
</Detect_Param>
