﻿<?xml version="1.0" encoding="utf-8" ?>
<Config version="2.6.0.6">
  <ServerInfo ID="serverInfo" Port="5008"></ServerInfo>
  <DataBase>
    <constr  ID="DBInfo" UserID="sartas" PassWord ="sartas" DataSource="localhost" DataBase="sartas" />
  </DataBase>
  <EquimentsInfo>
    <Equiment ID="1" Name="Counter" LineID="1" Side="M"/>
    <Equiment ID="2" Name="Counter" LineID="2" Side="M"/>
    <Equiment ID="3" Name="LineScanCamera" LineID="1" Side="L"/>
    <Equiment ID="4" Name="LineScanCamera" LineID="1" Side="R"/>
    <Equiment ID="5" Name="LineScanCamera" LineID="2" Side="L"/>
    <Equiment ID="6" Name="LineScanCamera" LineID="2" Side="R"/>
    <Equiment ID="7" Name="AreaScanCamera" LineID="1" Side="L"/>
    <Equiment ID="8" Name="AreaScanCamera" LineID="1" Side="R"/>
    <Equiment ID="9" Name="AreaScanCamera" LineID="2" Side="L"/>
    <Equiment ID="10" Name="AreaScanCamera" LineID="2" Side="R"/>
    <Equiment ID="11" Name="AudioMonitoring" LineID="1" Side="M"/>
    <Equiment ID="12" Name="AudioMonitoring" LineID="2" Side="M"/>
    <Equiment ID="13" Name="HotWheelsMonitoring" LineID="1" Side="M"/>
    <Equiment ID="14" Name="HotWheelsMonitoring" LineID="2" Side="M"/>
  </EquimentsInfo>
  <HotWheelEquimentInfo>
    <hwItem ID="1" LineID="1" HWFileMonitorPath="E:\DATABACK\hotdata_bak\202.202.202.2" MatchingValidMinutesDiffer="3"/>
    <hwItem ID="2" LineID="2" HWFileMonitorPath="E:\DATABACK\hotdata_bak\202.202.202.3" MatchingValidMinutesDiffer="3"/>
  </HotWheelEquimentInfo>
  <TrainInfo ID="trainInfo" FilePath="E:\GQPics" ></TrainInfo>
</Config>

<!--<Config version="版本号">
  <ServerInfo ID="服务标识" Port="端口号，默认为5008"></ServerInfo>
  <DataBase>
    <constr  ID="配置项标识" UserID="数据库用户名" PassWord ="密码" DataSource="数据库服务器" DataBase="数据库名称" />
  </DataBase>
  <EquimentsInfo>
    <Equiment ID="设备标识" Name="设备英文名" LineID="设备所属线路标识" Side="设备安装位置(L：左；R：右；M：中)"/>
  </EquimentsInfo>
  <HotWheelEquimentInfo>
    <hwItem ID="标识" LineID="线路标识" HWFileMonitorPath="热轮原始文件备份路径" MatchingValidMinutesDiffer="热轮文件与接发车系统的匹配时间差，单位分钟"/>
  </HotWheelEquimentInfo>
  <TrainInfo ID="标识" FilePath="index文件贞听的根目录 ></TrainInfo>
</Config>
-->





