﻿<?xml version="1.0" encoding="utf-8" ?>
<config version="2.6.0.6" trigertype="file" interval="">	
  <constr id="DBInfo" userid="sartas" password ="sartas" datasource="localhost" database="sartas" />
  <item id="1" filepath="E:\FTP\TX"      backfolder="E:\DATABACK\TX_bak"     disusefolder="E:\DATABACK\TX_disuse"     ignorefolder="E:\DATABACK\TX_ignore"      describepathname="\DescriptionFile\tx_describe.xml" tempfolder=""  needDecrypt="false" describetype="xml" filetype="*TXSB.xml" fileencoding="UTF-8" fileFixRow="0" procedurename="sp_ImportAlarmInfo;" returnfolder="" CHSbytes="1" alarmFlagPosition="3"/>
  <item id="2" filepath="E:\FTP\TXFail" backfolder="E:\DATABACK\TXFail_bak" disusefolder="E:\DATABACK\TXFail_disuse" ignorefolder="E:\DATABACK\TXFail_ignore"  describepathname="\DescriptionFile\txFail_describe.xml" tempfolder=""  needDecrypt="false" describetype="xml" filetype="*FAIL.xml" fileencoding="UTF-8" fileFixRow="0" procedurename="sp_ImportAlarmInfo" returnfolder="" CHSbytes="1"  alarmFlagPosition="0"/>
  <item id="3" filepath="E:\FTP\SP"      backfolder="E:\DATABACK\SP_bak"     disusefolder="E:\DATABACK\SP_disuse"     ignorefolder="E:\DATABACK\SP_ignore"      describepathname="\DescriptionFile\sp_describe.xml" tempfolder=""  needDecrypt="false" describetype="xml" filetype="*SPSB.xml" fileencoding="UTF-8" fileFixRow="0" procedurename="sp_ImportAlarmInfo;" returnfolder="" CHSbytes="1" alarmFlagPosition="3"/>
  <item id="4" filepath="E:\FTP\RL"      backfolder="E:\DATABACK\RL_bak"     disusefolder="E:\DATABACK\RL_disuse"     ignorefolder="E:\DATABACK\RL_ignore"      describepathname="\DescriptionFile\rl_describe.xml" tempfolder=""  needDecrypt="false" describetype="xml" filetype="*RLSB.xml" fileencoding="UTF-8" fileFixRow="0" procedurename="sp_ImportAlarmInfo;" returnfolder="" CHSbytes="1" alarmFlagPosition="2"/>
  <item id="5" filepath="E:\FTP\SP"      backfolder="E:\DATABACK\YY_bak"     disusefolder="E:\DATABACK\YY_disuse"     ignorefolder="E:\DATABACK\YY_ignore"      describepathname="\DescriptionFile\yy_describe.xml" tempfolder=""  needDecrypt="false" describetype="xml" filetype="*YYSB.xml" fileencoding="UTF-8" fileFixRow="0" procedurename="sp_ImportAlarmInfo" returnfolder="" CHSbytes="1"  alarmFlagPosition="3"/>
</config>


<!--配置参数说明：
<config version="配置文件版本号" trigertype="类型" interval="">	
<item filepath="侦听目标路径"      backfolder="存储路径"     disusefolder=""  ignorefolder=""  describepathname="描述文件" tempfolder="临时文件路径"  needDecrypt="是否解密标识" describetype="文件类型" filetype="文件格式" fileencoding="解码方式" fileFixRow="0" procedurename="存储过程名" returnfolder="" CHSbytes="1"  alarmFlagPosition="报警标识位"/>
</config>
-->