﻿<?xml version="1.0" encoding="UTF-8"?>
<warningLevel version="2.6.0.10" max_delay="5">
  <!--对每节车厢的XML生成时间最多延后于该数据文件生成5秒，即该数据文件自被调用算法读入时刻起，5秒内必须输出XML文件-->

  <!-- 对于图像识别类的预警规则-->
	<rules type="IMAGE">
    <!-- 对于车门开启类的预警-->
			<category name="DR_1">
        <warning type="C" level="1" />
        <default_warning level="2" />
				<if_ignore>
          <!--忽略报警条件（即误报条件）：连续3节车厢均出现异音，则视为误报，否则视为真实的预警；应考虑无连续车厢时（如头车、尾车和丢车情况），故引入最大延迟来解决-->
					<item type="carriage" value="3" />
				</if_ignore>
			</category>

    <category name="DR_2">
      <warning type="C" level="4" />
      <default_warning level="2" />
    </category>

    <category name="DR_3">
      <default_warning level="4" />
    </category>
    
    <!-- 对于车窗开启的预警-->
			<category name="WIN_1">
        <!--任何车窗开启的预警，均视为4级预警-->
				<default_warning level="4" />
			</category>

    <!-- 对于异物类的预警-->
			<category name="OBJ_1">
        <!--满足1级的异物预警，要求异物位置低于车厢底部或顶部（针对篷布），注意是或的关系-->
        <warning type="OverTop@OverBottom" level="1"/>
        <default_warning level="4" />
			</category>

    <!-- 对于车厢连接处的预警-->
    <category name="OBJ_2">
      <!--车厢连接处的预警视为4级-->
      <default_warning level="4" />
    </category>

    <!-- 对于注水口未关闭类的预警-->
			<category name="WATERINTAKE_1">
        <!--任何注水口未关闭类的预警，均视为2级预警-->
				<default_warning level="2" />
			</category>

    <!-- 对于尾管未吊起类的预警-->
			<category name="PIPE_1">
        <!--任何尾管未吊起类的预警，均视为2级预警-->
				<default_warning level="1" />
			</category>

    <!-- 对于走行部尾管未吊起类的预警-->
    <category name="PIPE_2">
      <!--走行部预警视为4级预警-->
      <default_warning level="4" />
    </category>
    
    <!-- 对于闸链拉紧类的预警-->
			<category name="CHAIN_1">
        <!--任何闸链未吊起类的预警，均视为4级预警-->
				<default_warning level="4" />
			</category>

    <!-- 对于折角三门的预警-->
    <category name="ANGLECOCK_1">
      <!--任何对于折角三门的预警，均视为4级预警-->
      <default_warning level="4" />
    </category>

    <!-- 对于折角三门的预警-->
    <category name="ANGLECOCK_2">
      <!--任何对于折角三门的预警，均视为4级预警-->
      <default_warning level="4" />
    </category>

    <!-- 对于风管的预警-->
    <category name="BRAKEPIPE_1">
      <!--任何风管的的预警，均视为4级预警-->
      <default_warning level="4" />
    </category>

    <!-- 对于鞲鞴杆拉链拉紧的预警-->
    <category name="BRAKECHAIN_1">
      <!--任何鞲鞴杆拉链拉紧的预警，均视为4级预警-->
      <default_warning level="4" />
    </category>

    <!-- 对于客车蓄电池盖的预警-->
    <category name="BATTERY_1">
      <!--客车蓄电池盖的预警，均视为4级预警-->
      <default_warning level="4" />
    </category>
	</rules>
  

  <!-- 对于车轮识别类的预警规则-->
	<rules type="WHEEL">
    <!-- 对于热轮的预警-->
			<category name="HOTWHEEL">
				<default_warning level="1" />
			</category>
    <Newcategory name="HOTWHEEL" type="H">
      <warning alarmLevel="激热" level="1" />
      <warning alarmLevel="强热" level="2" />
      <warning alarmLevel="微热" level="3" />
    </Newcategory>
    <Newcategory name="HOTWHEEL" type="K">
      <warning alarmLevel="激热" level="1" />
      <warning alarmLevel="强热" level="1" />
      <warning alarmLevel="微热" level="2" />
    </Newcategory>
  </rules>
</warningLevel>