<?xml version="1.0" encoding="utf-8" ?>

<describe version="3.0.0.0">
    <table name="Import_temp" keys="" dealtype="" path="HotWheel/TrainDetail" FileToCar="One">
      <item name="AlarmDetail_ID" type="varchar" format="" length="200" null="yes" minValue="" maxValue="" path="TrainDetail"       FromRoot="false"  attribute="id"/>
      <item name="CarNo"          type="varchar" format="" length="200" null="yes" minValue="" maxValue="" path="TrainDetail"       FromRoot="false"  attribute="CarriageNo"/>
      <item name="CarOrder"       type="varchar" format="" length="200" null="yes" minValue="" maxValue="" path="TrainDetail"       FromRoot="false"  attribute="TrainDetailOrderNo"/>
      <item name="AlarmLevel"     type="varchar" format="" length="200" null="yes" minValue="" maxValue="" path="TrainDetail"       FromRoot="false"  attribute="level"/>
      <item name="ProblemType"    type="varchar" format="" length="200" null="yes" minValue="" maxValue="" path="TrainDetail"       FromRoot="false"  attribute="AlarmLevel" />
      <item name="LineID"         type="varchar" format="" length="50"  null="yes" minValue="" maxValue="" path="@@GetFromFileName" FromRoot="false"  attribute=""/>
      <item name="CheckSide"      type="varchar" format="" length="50"  null="yes" minValue="" maxValue="" path=""                  FromRoot="false"  attribute=""/>
      <item name="Train_ComeDate" type="varchar" format="" length="50"  null="yes" minValue="" maxValue="" path="@@GetFromFileName" FromRoot="false"  attribute="" />
      <item name="FileContent"    type="varchar" format="" length="50"  null="yes" minValue="" maxValue="" path=""                  FromRoot="false"  attribute=""/>
      <item name="FileName"       type="varchar" format="" length="200" null="yes" minValue="" maxValue="" path="@@GetFromFileName" FromRoot="false"  attribute=""/>
      <item name="AlgResult"      type="varchar" format="" length="200" null="yes" minValue="" maxValue="" path="@@GetAlgResult"    FromRoot="false"  attribute=""/>
  </table>
</describe>
