﻿<?xml version="1.0" encoding="utf-8" ?>
<!--视频识别信息入库描述文件，入库文件格式为XML；-->
<describe version="3.0.0.0">
  <table name="import_temp" keys="" dealtype="" path="Output/Results/Tag" FileToCar="One">
    <item name="AlarmDetail_ID"    type="varchar" format="" length="36"   null="yes" minValue="" maxValue="" path="Tag"                  FromRoot="false"  attribute="id"/>
    <item name="CarNo"             type="varchar" format="" length="50"   null="yes" minValue="" maxValue="" path="Output/Results"       FromRoot="true"  attribute="traintype_ID"/>
    <item name="CarOrder"          type="varchar" format="" length="50"   null="yes" minValue="" maxValue="" path="@@GetFromFileName"    FromRoot="false"  attribute=""/>
    <item name="AlarmLevel"        type="varchar" format="" length="50"   null="yes" minValue="" maxValue="" path="Tag"                  FromRoot="false"  attribute="level"/>
    <item name="ProblemType"       type="varchar" format="" length="50"   null="yes" minValue="" maxValue="" path="Tag"                  FromRoot="false"  attribute="type"/>
    <item name="LineID"            type="varchar" format="" length="50"   null="yes" minValue="" maxValue="" path="@@GetFromFileName"    FromRoot="false"  attribute=""/>
    <item name="CheckSide"         type="varchar" format="" length="50"   null="yes" minValue="" maxValue="" path="@@GetFromFileName"    FromRoot="false"  attribute=""/>
    <item name="Train_ComeDate"    type="varchar" format="" length="50"   null="yes" minValue="" maxValue="" path="@@GetFromFileName"    FromRoot="false"  attribute=""/>
    <item name="FileContent"       type="varchar" format="" length="2000" null="yes" minValue="" maxValue="" path="@@GetAlarmCoordinate" FromRoot="false" attribute=""/>
    <item name="FileName"          type="varchar" format="" length="200"  null="yes" minValue="" maxValue="" path="@@GetFromFileName"    FromRoot="false"  attribute=""/>
    <item name="AlgResult"         type="varchar" format="" length="200"  null="yes" minValue="" maxValue="" path="@@GetAlgResult"       FromRoot="false"  attribute=""/>
  </table>
</describe>
